<!DOCTYPE install PUBLIC "-//Joomla! 1.5//DTD component 1.0//EN" "http://joomla.org/xml/dtd/1.5/component-install.dtd">
<install type="component" method="upgrade" version="1.5.0">
	<name>Convertbapliemovins</name>
	<creationDate>2012-03-13</creationDate>
	<author>Daniel Eliasson Stilero Webdesign</author>
	<authorEmail>joomla@stilero.com</authorEmail>
	<authorUrl>http://www.stilero.com</authorUrl>
	<copyright>Copyright (C) 2012 Daniel Eliasson Stilero Webdesign Open Source Matters. All rights reserved.</copyright>	
	<license>http://www.gnu.org/licenses/gpl-2.0.html GNU/GPL</license>
	<version>1.0</version>
	<description>Converts EDI baplie to movins</description>
	<installfile></installfile>
	<uninstallfile></uninstallfile>
	<install>
		<sql>
			<file driver="mysql" charset="utf8">sql/install.mysql.sql</file>
		</sql>
	</install>
	<uninstall>
		<sql>
			<file driver="mysql" charset="utf8">sql/uninstall.mysql.sql</file>
		</sql>
	</uninstall>
	<files folder="site">
			<filename>convertbapliemovins.php</filename>
			<filename>controller.php</filename>
			<filename>index.html</filename>			
			<filename>router.php</filename>
			<folder>controllers</folder>
			<folder>helpers</folder>
			<folder>models</folder>
			<folder>views</folder>
			<folder>assets</folder>			
	</files>	
	<languages folder="site">
		<language tag="en-GB">language/en-GB.com_convertbapliemovins.ini</language>
    	<language tag="sv-SE">language/sv-SE.com_convertbapliemovins.ini</language>            
	</languages>
	<administration>
		<menu link="index.php?option=com_convertbapliemovins">Convertbapliemovins</menu>

		<files folder="admin">
			<filename>config.xml</filename>
			<filename>admin.convertbapliemovins.php</filename>
			<filename>controller.php</filename>
			<filename>index.html</filename>
			<filename>access.xml</filename>			
			<folder>assets</folder>
                        <folder>classes</folder>
			<folder>elements</folder>		
			<folder>joomla</folder>						
			<folder>controllers</folder>
			<folder>helpers</folder>
			<folder>models</folder>
			<folder>sql</folder>			
			<folder>tables</folder>
			<folder>views</folder>									
		</files>	
        <languages folder="admin">
        	<language tag="en-GB">language/en-GB.com_convertbapliemovins.ini</language>
            <language tag="sv-SE">language/sv-SE.com_convertbapliemovins.ini</language>
        	<language tag="en-GB">language/en-GB.com_convertbapliemovins.sys.ini</language>
            <language tag="sv-SE">languagesv-SE.com_convertbapliemovins.sys.ini</language>                           
		</languages>		
	</administration>
</install>